Num,Sort Algorithms Name,Random 10000,Random 30000,Random 50000,Random 100000,Random 300000,Random 500000,Sorted 10000,Sorted 30000,Sorted 50000,Sorted 100000,Sorted 300000,Sorted 500000,Reverse 10000,Reverse 30000,Reverse 50000,Reverse 100000,Reverse 300000,Reverse 500000,NearlySorted 10000,NearlySorted 30000,NearlySorted 50000,NearlySorted 100000,NearlySorted 300000,NearlySorted 500000
1,Quick Sort,0.001000,0.002000,0.007000,0.014000,0.046000,0.076000,0.000000,0.003000,0.005000,0.009000,0.029000,0.056000,0.001000,0.003000,0.005000,0.010000,0.036000,0.071000,0.001000,0.002000,0.004000,0.009000,0.031000,0.053000
2,Heap Sort,0.002000,0.007000,0.011000,0.024000,0.081000,0.145000,0.002000,0.005000,0.008000,0.018000,0.061000,0.100000,0.001000,0.004000,0.009000,0.017000,0.057000,0.099000,0.001000,0.004000,0.007000,0.017000,0.057000,0.102000
3,Merge Sort,0.003000,0.006000,0.011000,0.022000,0.065000,0.114000,0.002000,0.004000,0.007000,0.024000,0.083000,0.070000,0.001000,0.004000,0.006000,0.014000,0.044000,0.070000,0.001000,0.003000,0.007000,0.013000,0.047000,0.076000
4,Counting Sort,0.000000,0.001000,0.001000,0.002000,0.007000,0.010000,0.000000,0.000000,0.000000,0.001000,0.005000,0.007000,0.000000,0.000000,0.001000,0.001000,0.006000,0.007000,0.000000,0.001000,0.001000,0.001000,0.004000,0.007000
5,Radix Sort,0.002000,0.006000,0.011000,0.020000,0.061000,0.104000,0.002000,0.004000,0.007000,0.013000,0.036000,0.061000,0.001000,0.003000,0.006000,0.012000,0.035000,0.061000,0.001000,0.004000,0.006000,0.012000,0.037000,0.056000
6,Flash Sort,0.000000#,0.000000#,0.000000#,0.000000#,0.000000#,0.000000#,0.000000,0.000000,0.000000,0.000000,0.000000,0.000000,0.000000#,0.000000#,0.000000#,0.000000#,0.000000#,0.000000#,0.000000#,0.000000#,0.000000#,0.000000#,0.000000#,0.000000#
7,Insertion Sort,0.095000,0.832000,2.343000,10.023000,100.507000,245.665000,0.000000,0.000000,0.000000,0.001000,0.000000,0.001000,0.183000,1.669000,4.616000,18.749000,169.706000,478.021000,0.000000,0.001000,0.002000,0.001000,0.005000,0.008000
8,Shaker Sort,0.163000,1.597000,4.610000,18.999000,171.379000,481.655000,0.001000,0.000000,0.000000,0.000000,0.001000,0.001000,0.206000,1.861000,5.235000,21.470000,191.799000,541.606000,0.000000,0.000000,0.001000,0.003000,0.007000,0.010000
9,Shell Sort,0.000000#,0.000000#,0.000000#,0.000000#,0.000000#,0.000000#,0.000000,0.000000,0.000000,0.000000,0.000000,0.000000,0.000000#,0.000000#